{"low": -0.0818902222243024, "high": 0.15425994222583156}