{
  "p10": -41.628869243723216,
  "p25": -29.12813198196602,
  "p75": 17.53078048182087,
  "p90": 43.699020714488775
}