{
  "p10": -30.35964636034966,
  "p25": -11.831862110764973,
  "p75": 22.52326564329229,
  "p90": 68.35591657235213
}