{"low": -0.06859745163339462, "high": 0.08935044978359052}